periodo,serie,valor
2021-T2,Aprobado,59.6
2021-T2,Desistido,20.7
2021-T2,No Admitido a Tramitación,11.4
2021-T2,No calificado,4.7
2021-T2,Rechazado,3.1
2021-T2,Renuncia RCA,0.5
2021-T2,Revocado,0
2021-T3,Aprobado,60.2
2021-T3,Desistido,26.5
2021-T3,No Admitido a Tramitación,6.1
2021-T3,No calificado,5
2021-T3,Rechazado,2.2
2021-T3,Renuncia RCA,0
2021-T3,Revocado,0
2021-T4,Aprobado,72.3
2021-T4,Desistido,20.5
2021-T4,No Admitido a Tramitación,3.1
2021-T4,No calificado,1.3
2021-T4,Rechazado,2.7
2021-T4,Renuncia RCA,0
2021-T4,Revocado,0
2022-T1,Aprobado,64.5
2022-T1,Desistido,16.1
2022-T1,No Admitido a Tramitación,8.1
2022-T1,No calificado,5.7
2022-T1,Rechazado,5.7
2022-T1,Renuncia RCA,0
2022-T1,Revocado,0
2022-T2,Aprobado,62.2
2022-T2,Desistido,17.6
2022-T2,No Admitido a Tramitación,6.8
2022-T2,No calificado,7.4
2022-T2,Rechazado,5.4
2022-T2,Renuncia RCA,0
2022-T2,Revocado,0.7
2022-T3,Aprobado,44.7
2022-T3,Desistido,29.2
2022-T3,No Admitido a Tramitación,12.4
2022-T3,No calificado,9.3
2022-T3,Rechazado,4.3
2022-T3,Renuncia RCA,0
2022-T3,Revocado,0
2022-T4,Aprobado,60.9
2022-T4,Desistido,17.3
2022-T4,No Admitido a Tramitación,10
2022-T4,No calificado,9.1
2022-T4,Rechazado,2.7
2022-T4,Renuncia RCA,0
2022-T4,Revocado,0
2023-T1,Aprobado,56.2
2023-T1,Desistido,22.9
2023-T1,No Admitido a Tramitación,10.4
2023-T1,No calificado,6.2
2023-T1,Rechazado,3.1
2023-T1,Renuncia RCA,1
2023-T1,Revocado,0
2023-T2,Aprobado,60.2
2023-T2,Desistido,31.5
2023-T2,No Admitido a Tramitación,3.7
2023-T2,No calificado,1.9
2023-T2,Rechazado,2.8
2023-T2,Renuncia RCA,0
2023-T2,Revocado,0
2023-T3,Aprobado,52.4
2023-T3,Desistido,26.7
2023-T3,No Admitido a Tramitación,7.6
2023-T3,No calificado,11.4
2023-T3,Rechazado,1.9
2023-T3,Renuncia RCA,0
2023-T3,Revocado,0
2023-T4,Aprobado,68.2
2023-T4,Desistido,18.2
2023-T4,No Admitido a Tramitación,5.5
2023-T4,No calificado,7.3
2023-T4,Rechazado,0.9
2023-T4,Renuncia RCA,0
2023-T4,Revocado,0
2024-T1,Aprobado,57.1
2024-T1,Desistido,25.9
2024-T1,No Admitido a Tramitación,7.1
2024-T1,No calificado,3.6
2024-T1,Rechazado,6.2
2024-T1,Renuncia RCA,0
2024-T1,Revocado,0
2024-T2,Aprobado,58.2
2024-T2,Desistido,19.7
2024-T2,No Admitido a Tramitación,9
2024-T2,No calificado,5.7
2024-T2,Rechazado,7.4
2024-T2,Renuncia RCA,0
2024-T2,Revocado,0
2024-T3,Aprobado,66.9
2024-T3,Desistido,16.5
2024-T3,No Admitido a Tramitación,10.1
2024-T3,No calificado,4.3
2024-T3,Rechazado,2.2
2024-T3,Renuncia RCA,0
2024-T3,Revocado,0
2024-T4,Aprobado,75.2
2024-T4,Desistido,16.5
2024-T4,No Admitido a Tramitación,7.3
2024-T4,No calificado,0
2024-T4,Rechazado,0.9
2024-T4,Renuncia RCA,0
2024-T4,Revocado,0
2025-T1,Aprobado,63.6
2025-T1,Desistido,15.9
2025-T1,No Admitido a Tramitación,13.6
2025-T1,No calificado,3.4
2025-T1,Rechazado,3.4
2025-T1,Renuncia RCA,0
2025-T1,Revocado,0
2025-T2,Aprobado,78.8
2025-T2,Desistido,13.6
2025-T2,No Admitido a Tramitación,5.1
2025-T2,No calificado,0.8
2025-T2,Rechazado,1.7
2025-T2,Renuncia RCA,0
2025-T2,Revocado,0
